Tag Type,Tag Id,Time (UTC),RSSI,Latitude,Longitude,beep_number,tagFamily,payloadType,solar_mV,temperature_C
bluetooth,7F1C2B8C,2026-08-18 22:56:52.000Z,-62,60.954887,-138.030131,35049,2,0,1560,21.73
radio434mhz,6133334B,2026-08-18 22:56:53.000Z,-26,60.954887,-138.030131
radio434mhz,2A2A2A2D,2026-08-18 22:56:54.000Z,-110,60.954887,-138.030131
bluetooth,159D4503,2026-08-18 22:56:54.000Z,-83,60.954887,-138.030131,60305,2,0,1590,24.69
radio434mhz,6133334B,2026-08-18 22:56:55.000Z,-26,60.954887,-138.030131
bluetooth,D2A3B933,2026-08-18 22:56:55.000Z,-44,60.954888,-138.030129,25788,2,0,1571,20.24
radio434mhz,6133334B,2026-08-18 22:56:57.000Z,-26,60.954888,-138.030129
bluetooth,7F1C2B8C,2026-08-18 22:56:57.000Z,-64,60.954888,-138.030129,60464,2,0,1559,21.81
radio434mhz,6133334B,2026-08-18 22:57:00.000Z,-26,60.954890,-138.030131
radio434mhz,2A2A2A2D,2026-08-18 22:57:01.000Z,-108,60.954890,-138.030131
radio434mhz,6133334B,2026-08-18 22:57:02.000Z,-26,60.954892,-138.030132
bluetooth,7F1C2B8C,2026-08-18 22:57:02.000Z,-65,60.954892,-138.030132,49112,2,0,1560,21.93
radio434mhz,6133334B,2026-08-18 22:57:04.000Z,-26,60.954898,-138.030137
bluetooth,D2A3B933,2026-08-18 22:57:05.000Z,-45,60.954898,-138.030137,62207,2,0,1571,20.34
radio434mhz,6133334B,2026-08-18 22:57:07.000Z,-26,60.954911,-138.030155
bluetooth,7F1C2B8C,2026-08-18 22:57:07.000Z,-55,60.954911,-138.030155,48434,2,0,1560,21.81
radio434mhz,6133334B,2026-08-18 22:57:09.000Z,-26,60.954928,-138.030165
bluetooth,159D4503,2026-08-18 22:57:09.000Z,-70,60.954928,-138.030165,44723,2,0,1591,24.81
radio434mhz,2A2A2A2D,2026-08-18 22:57:11.000Z,-98,60.954928,-138.030165
radio434mhz,6133334B,2026-08-18 22:57:11.000Z,-26,60.954966,-138.030202
bluetooth,7F1C2B8C,2026-08-18 22:57:12.000Z,-42,60.954966,-138.030202,47028,2,0,1560,21.70
radio434mhz,6133334B,2026-08-18 22:57:14.000Z,-26,60.954963,-138.030191
bluetooth,D2A3B933,2026-08-18 22:57:15.000Z,-38,60.954963,-138.030191,8837,2,0,1570,20.26
radio434mhz,6133334B,2026-08-18 22:57:16.000Z,-26,60.954963,-138.030191
radio434mhz,6133334B,2026-08-18 22:57:18.000Z,-26,60.954964,-138.030190
bluetooth,159D4503,2026-08-18 22:57:19.000Z,-76,60.954964,-138.030190,6692,2,0,1590,24.64
radio434mhz,6133334B,2026-08-18 22:57:21.000Z,-26,60.954963,-138.030190
bluetooth,7F1C2B8C,2026-08-18 22:57:22.000Z,-74,60.954963,-138.030190,24241,2,0,1559,21.63
radio434mhz,6133334B,2026-08-18 22:57:23.000Z,-26,60.954993,-138.030208
bluetooth,D2A3B933,2026-08-18 22:57:25.000Z,-34,60.955012,-138.030245,18588,2,0,1571,20.21
radio434mhz,6133334B,2026-08-18 22:57:26.000Z,-26,60.955012,-138.030245
radio434mhz,6133334B,2026-08-18 22:57:28.000Z,-26,60.955054,-138.030273
radio434mhz,6133334B,2026-08-18 22:57:30.000Z,-26,60.955064,-138.030317
bluetooth,7F1C2B8C,2026-08-18 22:57:32.000Z,-75,60.955064,-138.030317,34927,2,0,1559,21.43
radio434mhz,2A2A2A2D,2026-08-18 22:57:32.000Z,-102,60.955064,-138.030317
radio434mhz,6133334B,2026-08-18 22:57:33.000Z,-26,60.955056,-138.030363
radio434mhz,6133334B,2026-08-18 22:57:35.000Z,-26,60.955036,-138.030400
bluetooth,D2A3B933,2026-08-18 22:57:35.000Z,-41,60.955036,-138.030400,58733,2,0,1570,19.86
radio434mhz,6133334B,2026-08-18 22:57:37.000Z,-26,60.955061,-138.030493
radio434mhz,6133334B,2026-08-18 22:57:40.000Z,-26,60.955078,-138.030534
radio434mhz,6133334B,2026-08-18 22:57:42.000Z,-26,60.955078,-138.030534
radio434mhz,6133334B,2026-08-18 22:57:44.000Z,-26,60.955098,-138.030549
bluetooth,D2A3B933,2026-08-18 22:57:45.000Z,-39,60.955114,-138.030586,1038,2,0,1571,19.94
radio434mhz,6133334B,2026-08-18 22:57:47.000Z,-26,60.955114,-138.030586
radio434mhz,6133334B,2026-08-18 22:57:49.000Z,-26,60.955129,-138.030622
radio434mhz,6133334B,2026-08-18 22:57:52.000Z,-26,60.955136,-138.030675
radio434mhz,6133334B,2026-08-18 22:57:54.000Z,-26,60.955184,-138.030681
bluetooth,D2A3B933,2026-08-18 22:57:55.000Z,-44,60.955209,-138.030678,41854,2,0,1571,19.41
radio434mhz,2A2A2A2D,2026-08-18 22:57:56.000Z,-107,60.955209,-138.030678
radio434mhz,6133334B,2026-08-18 22:57:56.000Z,-26,60.955209,-138.030678
radio434mhz,6133334B,2026-08-18 22:57:59.000Z,-26,60.955218,-138.030704
radio434mhz,6133334B,2026-08-18 22:58:01.000Z,-26,60.955220,-138.030762
radio434mhz,2A2A2A2D,2026-08-18 22:58:03.000Z,-108,60.955249,-138.030822
radio434mhz,6133334B,2026-08-18 22:58:03.000Z,-26,60.955249,-138.030822
bluetooth,D2A3B933,2026-08-18 22:58:05.000Z,-42,60.955265,-138.030877,32784,2,0,1571,19.86
radio434mhz,6133334B,2026-08-18 22:58:06.000Z,-26,60.955265,-138.030877
radio434mhz,6133334B,2026-08-18 22:58:08.000Z,-26,60.955272,-138.030936
radio434mhz,6133334B,2026-08-18 22:58:10.000Z,-26,60.955272,-138.030936
radio434mhz,6133334B,2026-08-18 22:58:13.000Z,-26,60.955244,-138.031025
radio434mhz,6133334B,2026-08-18 22:58:15.000Z,-26,60.955236,-138.031080
bluetooth,D2A3B933,2026-08-18 22:58:15.000Z,-39,60.955236,-138.031080,41058,2,0,1572,19.68
radio434mhz,6133334B,2026-08-18 22:58:17.000Z,-26,60.955236,-138.031080
radio434mhz,6133334B,2026-08-18 22:58:20.000Z,-26,60.955232,-138.031174
radio434mhz,6133334B,2026-08-18 22:58:22.000Z,-26,60.955232,-138.031174
radio434mhz,6133334B,2026-08-18 22:58:25.000Z,-26,60.955235,-138.031228
bluetooth,D2A3B933,2026-08-18 22:58:25.000Z,-41,60.955223,-138.031273,18201,2,0,1571,19.51
radio434mhz,6133334B,2026-08-18 22:58:27.000Z,-27,60.955223,-138.031273
radio434mhz,6133334B,2026-08-18 22:58:29.000Z,-27,60.955219,-138.031342
radio434mhz,2A2A2A2D,2026-08-18 22:58:30.000Z,-107,60.955214,-138.031403
radio434mhz,6133334B,2026-08-18 22:58:32.000Z,-26,60.955226,-138.031461
radio434mhz,6133334B,2026-08-18 22:58:34.000Z,-26,60.955226,-138.031461
bluetooth,D2A3B933,2026-08-18 22:58:35.000Z,-43,60.955247,-138.031510,48067,2,0,1570,19.94
radio434mhz,6133334B,2026-08-18 22:58:36.000Z,-26,60.955247,-138.031510
radio434mhz,6133334B,2026-08-18 22:58:39.000Z,-26,60.955269,-138.031551
radio434mhz,2A2A2A2D,2026-08-18 22:58:41.000Z,-107,60.955269,-138.031611
radio434mhz,6133334B,2026-08-18 22:58:41.000Z,-26,60.955269,-138.031611
radio434mhz,6133334B,2026-08-18 22:58:43.000Z,-26,60.955265,-138.031666
bluetooth,D2A3B933,2026-08-18 22:58:45.000Z,-45,60.955254,-138.031732,40506,2,0,1572,19.71
radio434mhz,6133334B,2026-08-18 22:58:46.000Z,-26,60.955254,-138.031732
radio434mhz,2A2A2A2D,2026-08-18 22:58:48.000Z,-109,60.955245,-138.031789
radio434mhz,6133334B,2026-08-18 22:58:48.000Z,-26,60.955245,-138.031789
radio434mhz,6133334B,2026-08-18 22:58:51.000Z,-26,60.955215,-138.031857
radio434mhz,6133334B,2026-08-18 22:58:53.000Z,-26,60.955210,-138.031914
radio434mhz,6133334B,2026-08-18 22:58:55.000Z,-26,60.955223,-138.031972
bluetooth,D2A3B933,2026-08-18 22:58:55.000Z,-43,60.955223,-138.031972,38724,2,0,1570,20.16
radio434mhz,6133334B,2026-08-18 22:58:58.000Z,-26,60.955210,-138.032051
radio434mhz,6133334B,2026-08-18 22:59:00.000Z,-26,60.955236,-138.032114
radio434mhz,6133334B,2026-08-18 22:59:02.000Z,-26,60.955231,-138.032178
radio434mhz,6133334B,2026-08-18 22:59:05.000Z,-26,60.955252,-138.032206
bluetooth,D2A3B933,2026-08-18 22:59:05.000Z,-43,60.955252,-138.032206,2622,2,0,1571,19.61
radio434mhz,6133334B,2026-08-18 22:59:07.000Z,-26,60.955278,-138.032221
radio434mhz,6133334B,2026-08-18 22:59:09.000Z,-26,60.955281,-138.032220
radio434mhz,6133334B,2026-08-18 22:59:12.000Z,-26,60.955298,-138.032265
radio434mhz,6133334B,2026-08-18 22:59:14.000Z,-26,60.955308,-138.032341
radio434mhz,6133334B,2026-08-18 22:59:17.000Z,-26,60.955319,-138.032399
radio434mhz,6133334B,2026-08-18 22:59:19.000Z,-26,60.955315,-138.032460
radio434mhz,6133334B,2026-08-18 22:59:21.000Z,-26,60.955313,-138.032521
radio434mhz,6133334B,2026-08-18 22:59:24.000Z,-26,60.955303,-138.032581
bluetooth,D2A3B933,2026-08-18 22:59:26.000Z,-45,60.955299,-138.032642,96,2,0,1571,19.38
radio434mhz,6133334B,2026-08-18 22:59:26.000Z,-27,60.955299,-138.032642
radio434mhz,6133334B,2026-08-18 22:59:28.000Z,-26,60.955286,-138.032669
radio434mhz,6133334B,2026-08-18 22:59:31.000Z,-26,60.955257,-138.032691
radio434mhz,6133334B,2026-08-18 22:59:33.000Z,-26,60.955248,-138.032747
radio434mhz,6133334B,2026-08-18 22:59:35.000Z,-26,60.955243,-138.032799
bluetooth,D2A3B933,2026-08-18 22:59:35.000Z,-37,60.955243,-138.032799,60309,2,0,1572,19.43
radio434mhz,6133334B,2026-08-18 22:59:38.000Z,-26,60.955243,-138.032799
radio434mhz,6133334B,2026-08-18 22:59:40.000Z,-26,60.955262,-138.032871
radio434mhz,6133334B,2026-08-18 22:59:42.000Z,-26,60.955289,-138.032900
radio434mhz,6133334B,2026-08-18 22:59:45.000Z,-26,60.955308,-138.032918
bluetooth,D2A3B933,2026-08-18 22:59:46.000Z,-44,60.955315,-138.032973,48609,2,0,1570,19.25
radio434mhz,6133334B,2026-08-18 22:59:47.000Z,-27,60.955315,-138.032973
radio434mhz,6133334B,2026-08-18 22:59:50.000Z,-26,60.955360,-138.032989
radio434mhz,6133334B,2026-08-18 22:59:52.000Z,-26,60.955372,-138.033037
radio434mhz,6133334B,2026-08-18 22:59:54.000Z,-26,60.955393,-138.033063
bluetooth,D2A3B933,2026-08-18 22:59:56.000Z,-29,60.955393,-138.033063,27484,2,0,1571,19.33
radio434mhz,6133334B,2026-08-18 22:59:57.000Z,-26,60.955403,-138.033109
radio434mhz,6133334B,2026-08-18 22:59:59.000Z,-26,60.955434,-138.033103
radio434mhz,6133334B,2026-08-18 23:00:01.000Z,-26,60.955452,-138.033140
radio434mhz,6133334B,2026-08-18 23:00:04.000Z,-26,60.955505,-138.033103
bluetooth,D2A3B933,2026-08-18 23:00:06.000Z,-45,60.955505,-138.033103,54706,2,0,1572,19.08
radio434mhz,6133334B,2026-08-18 23:00:06.000Z,-26,60.955505,-138.033103
radio434mhz,6133334B,2026-08-18 23:00:08.000Z,-26,60.955533,-138.033108
radio434mhz,6133334B,2026-08-18 23:00:11.000Z,-26,60.955557,-138.033063
radio434mhz,6133334B,2026-08-18 23:00:13.000Z,-26,60.955584,-138.033082
radio434mhz,6133334B,2026-08-18 23:00:16.000Z,-26,60.955597,-138.033085
bluetooth,D2A3B933,2026-08-18 23:00:16.000Z,-38,60.955597,-138.033085,55534,2,0,1572,18.87
radio434mhz,6133334B,2026-08-18 23:00:18.000Z,-27,60.955609,-138.033113
radio434mhz,6133334B,2026-08-18 23:00:20.000Z,-26,60.955627,-138.033106
radio434mhz,6133334B,2026-08-18 23:00:23.000Z,-26,60.955643,-138.033106
radio434mhz,6133334B,2026-08-18 23:00:25.000Z,-26,60.955643,-138.033106
bluetooth,D2A3B933,2026-08-18 23:00:26.000Z,-35,60.955665,-138.033095,36075,2,0,1571,19.10
radio434mhz,6133334B,2026-08-18 23:00:27.000Z,-26,60.955665,-138.033095
radio434mhz,6133334B,2026-08-18 23:00:30.000Z,-26,60.955692,-138.033074
radio434mhz,6133334B,2026-08-18 23:00:32.000Z,-26,60.955720,-138.033050
radio434mhz,2A2A2A2D,2026-08-18 23:00:34.000Z,-107,60.955753,-138.033123
radio434mhz,6133334B,2026-08-18 23:00:34.000Z,-26,60.955753,-138.033123
radio434mhz,6133334B,2026-08-18 23:00:37.000Z,-26,60.955770,-138.033169
radio434mhz,6133334B,2026-08-18 23:00:39.000Z,-27,60.955776,-138.033270
radio434mhz,6133334B,2026-08-18 23:00:42.000Z,-26,60.955779,-138.033330
radio434mhz,6133334B,2026-08-18 23:00:44.000Z,-26,60.955782,-138.033393
radio434mhz,6133334B,2026-08-18 23:00:46.000Z,-26,60.955784,-138.033449
radio434mhz,6133334B,2026-08-18 23:00:49.000Z,-26,60.955738,-138.033505
radio434mhz,6133334B,2026-08-18 23:00:51.000Z,-27,60.955723,-138.033560
radio434mhz,6133334B,2026-08-18 23:00:53.000Z,-26,60.955682,-138.033592
bluetooth,D2A3B933,2026-08-18 23:00:56.000Z,-46,60.955682,-138.033592,4883,2,0,1571,18.90
radio434mhz,6133334B,2026-08-18 23:00:56.000Z,-26,60.955682,-138.033592
radio434mhz,6133334B,2026-08-18 23:00:58.000Z,-26,60.955686,-138.033648
radio434mhz,6133334B,2026-08-18 23:01:00.000Z,-26,60.955672,-138.033673
radio434mhz,6133334B,2026-08-18 23:01:03.000Z,-26,60.955658,-138.033728
radio434mhz,6133334B,2026-08-18 23:01:05.000Z,-26,60.955656,-138.033757
radio434mhz,341E4C19,2026-08-18 23:01:06.000Z,-108,60.955656,-138.033757
bluetooth,D2A3B933,2026-08-18 23:01:06.000Z,-37,60.955656,-138.033757,52423,2,0,1571,18.98
radio434mhz,6133334B,2026-08-18 23:01:07.000Z,-26,60.955640,-138.033804
radio434mhz,6133334B,2026-08-18 23:01:10.000Z,-26,60.955652,-138.033831
radio434mhz,6133334B,2026-08-18 23:01:12.000Z,-26,60.955652,-138.033880
radio434mhz,6133334B,2026-08-18 23:01:15.000Z,-26,60.955680,-138.033852
bluetooth,D2A3B933,2026-08-18 23:01:16.000Z,-42,60.955680,-138.033852,10252,2,0,1570,19.00
radio434mhz,6133334B,2026-08-18 23:01:17.000Z,-26,60.955689,-138.033860
radio434mhz,6133334B,2026-08-18 23:01:19.000Z,-26,60.955709,-138.033870
radio434mhz,6133334B,2026-08-18 23:01:22.000Z,-26,60.955723,-138.033904
radio434mhz,6133334B,2026-08-18 23:01:24.000Z,-26,60.955723,-138.033904
bluetooth,D2A3B933,2026-08-18 23:01:26.000Z,-33,60.955734,-138.033897,57234,2,0,1571,18.87
radio434mhz,6133334B,2026-08-18 23:01:26.000Z,-27,60.955734,-138.033897
radio434mhz,6133334B,2026-08-18 23:01:29.000Z,-26,60.955759,-138.033885
radio434mhz,6133334B,2026-08-18 23:01:31.000Z,-26,60.955780,-138.033896
radio434mhz,6133334B,2026-08-18 23:01:33.000Z,-26,60.955801,-138.033887
bluetooth,D2A3B933,2026-08-18 23:01:36.000Z,-46,60.955830,-138.033909,53389,2,0,1571,18.77
radio434mhz,6133334B,2026-08-18 23:01:36.000Z,-26,60.955830,-138.033909
radio434mhz,6133334B,2026-08-18 23:01:38.000Z,-26,60.955830,-138.033909
radio434mhz,6133334B,2026-08-18 23:01:41.000Z,-26,60.955837,-138.033850
radio434mhz,6133334B,2026-08-18 23:01:43.000Z,-26,60.955821,-138.033896
radio434mhz,6133334B,2026-08-18 23:01:45.000Z,-26,60.955823,-138.033929
bluetooth,D2A3B933,2026-08-18 23:01:46.000Z,-44,60.955823,-138.033929,19876,2,0,1571,18.77
radio434mhz,6133334B,2026-08-18 23:01:48.000Z,-26,60.955805,-138.033971
radio434mhz,6133334B,2026-08-18 23:01:50.000Z,-27,60.955854,-138.033965
radio434mhz,6133334B,2026-08-18 23:01:52.000Z,-26,60.955873,-138.033928
radio434mhz,6133334B,2026-08-18 23:01:55.000Z,-26,60.955899,-138.033971
bluetooth,D2A3B933,2026-08-18 23:01:56.000Z,-62,60.955899,-138.033971,28717,2,0,1571,18.34
radio434mhz,6133334B,2026-08-18 23:01:57.000Z,-26,60.955902,-138.033986
radio434mhz,6133334B,2026-08-18 23:01:59.000Z,-26,60.955919,-138.033974
radio434mhz,6133334B,2026-08-18 23:02:02.000Z,-26,60.955931,-138.033961
radio434mhz,6133334B,2026-08-18 23:02:04.000Z,-26,60.955946,-138.034101
bluetooth,D2A3B933,2026-08-18 23:02:06.000Z,-40,60.955946,-138.034101,34771,2,0,1572,18.62
radio434mhz,6133334B,2026-08-18 23:02:07.000Z,-26,60.955946,-138.034101
radio434mhz,6133334B,2026-08-18 23:02:09.000Z,-26,60.955975,-138.034152
radio434mhz,6133334B,2026-08-18 23:02:11.000Z,-26,60.956000,-138.034197
radio434mhz,6133334B,2026-08-18 23:02:14.000Z,-26,60.956018,-138.034221
bluetooth,D2A3B933,2026-08-18 23:02:16.000Z,-51,60.956046,-138.034207,28206,2,0,1571,18.34
radio434mhz,6133334B,2026-08-18 23:02:16.000Z,-26,60.956046,-138.034207
radio434mhz,6133334B,2026-08-18 23:02:18.000Z,-26,60.956048,-138.034258
radio434mhz,6133334B,2026-08-18 23:02:21.000Z,-26,60.956052,-138.034304
radio434mhz,6133334B,2026-08-18 23:02:23.000Z,-26,60.956052,-138.034304
radio434mhz,6133334B,2026-08-18 23:02:25.000Z,-26,60.956045,-138.034356
bluetooth,D2A3B933,2026-08-18 23:02:26.000Z,-45,60.956045,-138.034356,7991,2,0,1571,18.52
radio434mhz,6133334B,2026-08-18 23:02:28.000Z,-26,60.956060,-138.034399
radio434mhz,6133334B,2026-08-18 23:02:30.000Z,-26,60.956100,-138.034403
radio434mhz,6133334B,2026-08-18 23:02:33.000Z,-26,60.956121,-138.034424
radio434mhz,6133334B,2026-08-18 23:02:35.000Z,-26,60.956132,-138.034434
bluetooth,D2A3B933,2026-08-18 23:02:36.000Z,-23,60.956132,-138.034434,36240,2,0,1572,18.65
radio434mhz,6133334B,2026-08-18 23:02:37.000Z,-27,60.956157,-138.034446
radio434mhz,6133334B,2026-08-18 23:02:40.000Z,-26,60.956183,-138.034462
radio434mhz,6133334B,2026-08-18 23:02:42.000Z,-26,60.956183,-138.034481
radio434mhz,6133334B,2026-08-18 23:02:44.000Z,-26,60.956183,-138.034481
bluetooth,D2A3B933,2026-08-18 23:02:46.000Z,-31,60.956186,-138.034494,9815,2,0,1571,18.92
radio434mhz,6133334B,2026-08-18 23:02:47.000Z,-26,60.956186,-138.034494
radio434mhz,6133334B,2026-08-18 23:02:49.000Z,-26,60.956191,-138.034462
radio434mhz,6133334B,2026-08-18 23:02:51.000Z,-26,60.956190,-138.034427
radio434mhz,6133334B,2026-08-18 23:02:54.000Z,-26,60.956205,-138.034354
bluetooth,D2A3B933,2026-08-18 23:02:56.000Z,-43,60.956230,-138.034311,24223,2,0,1570,18.57
radio434mhz,6133334B,2026-08-18 23:02:56.000Z,-26,60.956230,-138.034311
radio434mhz,6133334B,2026-08-18 23:02:59.000Z,-26,60.956247,-138.034296
radio434mhz,6133334B,2026-08-18 23:03:01.000Z,-26,60.956243,-138.034256
radio434mhz,6133334B,2026-08-18 23:03:03.000Z,-27,60.956250,-138.034240
bluetooth,D2A3B933,2026-08-18 23:03:06.000Z,-44,60.956246,-138.034239,38565,2,0,1572,18.60
radio434mhz,6133334B,2026-08-18 23:03:06.000Z,-26,60.956246,-138.034239
radio434mhz,6133334B,2026-08-18 23:03:08.000Z,-26,60.956246,-138.034239
radio434mhz,6133334B,2026-08-18 23:03:10.000Z,-27,60.956239,-138.034228
radio434mhz,6133334B,2026-08-18 23:03:13.000Z,-26,60.956209,-138.034187
radio434mhz,6133334B,2026-08-18 23:03:15.000Z,-26,60.956206,-138.034100
bluetooth,D2A3B933,2026-08-18 23:03:16.000Z,-46,60.956206,-138.034100,12954,2,0,1570,18.82
radio434mhz,6133334B,2026-08-18 23:03:17.000Z,-26,60.956204,-138.034035
radio434mhz,6133334B,2026-08-18 23:03:20.000Z,-26,60.956240,-138.033985
radio434mhz,6133334B,2026-08-18 23:03:22.000Z,-26,60.956255,-138.033925
radio434mhz,6133334B,2026-08-18 23:03:25.000Z,-26,60.956257,-138.033865
bluetooth,D2A3B933,2026-08-18 23:03:26.000Z,-40,60.956257,-138.033865,4063,2,0,1570,18.42
radio434mhz,6133334B,2026-08-18 23:03:27.000Z,-26,60.956241,-138.033834
radio434mhz,6133334B,2026-08-18 23:03:29.000Z,-26,60.956252,-138.033782
radio434mhz,6133334B,2026-08-18 23:03:32.000Z,-26,60.956264,-138.033740
radio434mhz,6133334B,2026-08-18 23:03:34.000Z,-26,60.956264,-138.033740
bluetooth,D2A3B933,2026-08-18 23:03:36.000Z,-47,60.956255,-138.033698,18531,2,0,1572,18.67
radio434mhz,6133334B,2026-08-18 23:03:36.000Z,-27,60.956255,-138.033698
radio434mhz,6133334B,2026-08-18 23:03:39.000Z,-26,60.956283,-138.033688
radio434mhz,6133334B,2026-08-18 23:03:41.000Z,-26,60.956310,-138.033665
radio434mhz,6133334B,2026-08-18 23:03:43.000Z,-26,60.956306,-138.033600
bluetooth,D2A3B933,2026-08-18 23:03:46.000Z,-46,60.956314,-138.033553,52989,2,0,1570,18.57
radio434mhz,6133334B,2026-08-18 23:03:46.000Z,-26,60.956314,-138.033553
radio434mhz,6133334B,2026-08-18 23:03:48.000Z,-26,60.956322,-138.033539
radio434mhz,6133334B,2026-08-18 23:03:51.000Z,-26,60.956323,-138.033505
radio434mhz,6133334B,2026-08-18 23:03:53.000Z,-26,60.956299,-138.033467
radio434mhz,6133334B,2026-08-18 23:03:55.000Z,-26,60.956274,-138.033434
radio434mhz,6133334B,2026-08-18 23:03:58.000Z,-26,60.956278,-138.033438
radio434mhz,6133334B,2026-08-18 23:04:00.000Z,-26,60.956300,-138.033433
radio434mhz,6133334B,2026-08-18 23:04:02.000Z,-26,60.956300,-138.033433
radio434mhz,6133334B,2026-08-18 23:04:05.000Z,-27,60.956298,-138.033392
bluetooth,D2A3B933,2026-08-18 23:04:06.000Z,-53,60.956289,-138.033335,57674,2,0,1571,18.70
radio434mhz,6133334B,2026-08-18 23:04:07.000Z,-26,60.956289,-138.033335
radio434mhz,6133334B,2026-08-18 23:04:09.000Z,-26,60.956286,-138.033261
radio434mhz,6133334B,2026-08-18 23:04:12.000Z,-26,60.956301,-138.033215
radio434mhz,6133334B,2026-08-18 23:04:14.000Z,-26,60.956292,-138.033140
bluetooth,D2A3B933,2026-08-18 23:04:16.000Z,-46,60.956312,-138.033102,3242,2,0,1571,18.67
radio434mhz,6133334B,2026-08-18 23:04:17.000Z,-26,60.956312,-138.033102
radio434mhz,6133334B,2026-08-18 23:04:19.000Z,-26,60.956297,-138.033048
radio434mhz,6133334B,2026-08-18 23:04:21.000Z,-26,60.956296,-138.032979
radio434mhz,6133334B,2026-08-18 23:04:24.000Z,-26,60.956294,-138.032937
bluetooth,D2A3B933,2026-08-18 23:04:26.000Z,-45,60.956294,-138.032937,14779,2,0,1571,19.10
radio434mhz,6133334B,2026-08-18 23:04:26.000Z,-26,60.956294,-138.032937
radio434mhz,6133334B,2026-08-18 23:04:28.000Z,-26,60.956302,-138.032888
radio434mhz,6133334B,2026-08-18 23:04:31.000Z,-26,60.956310,-138.032872
radio434mhz,6133334B,2026-08-18 23:04:33.000Z,-26,60.956340,-138.032854
radio434mhz,6133334B,2026-08-18 23:04:35.000Z,-27,60.956345,-138.032817
bluetooth,D2A3B933,2026-08-18 23:04:36.000Z,-39,60.956345,-138.032817,62416,2,0,1571,18.75
radio434mhz,6133334B,2026-08-18 23:04:38.000Z,-26,60.956365,-138.032791
radio434mhz,6133334B,2026-08-18 23:04:40.000Z,-26,60.956334,-138.032728
radio434mhz,6133334B,2026-08-18 23:04:43.000Z,-26,60.956349,-138.032702
bluetooth,6CC65AEF,2026-08-18 23:04:44.000Z,-72,60.956354,-138.032671,43223,2,0,1571,32.12
radio434mhz,6133334B,2026-08-18 23:04:45.000Z,-26,60.956354,-138.032671
bluetooth,D2A3B933,2026-08-18 23:04:46.000Z,-47,60.956354,-138.032671,52428,2,0,1570,19.15
radio434mhz,6133334B,2026-08-18 23:04:47.000Z,-26,60.956375,-138.032661
bluetooth,6CC65AEF,2026-08-18 23:04:49.000Z,-67,60.956239,-138.032576,31365,2,0,1571,32.37
radio434mhz,6133334B,2026-08-18 23:04:50.000Z,-26,60.956239,-138.032576
radio434mhz,6133334B,2026-08-18 23:04:52.000Z,-26,60.956222,-138.032494
bluetooth,6CC65AEF,2026-08-18 23:04:54.000Z,-60,60.956222,-138.032494,30008,2,0,1571,31.99
radio434mhz,6133334B,2026-08-18 23:04:54.000Z,-26,60.956222,-138.032494
bluetooth,D2A3B933,2026-08-18 23:04:56.000Z,-39,60.956199,-138.032436,11107,2,0,1571,18.92
radio434mhz,6133334B,2026-08-18 23:04:57.000Z,-27,60.956199,-138.032436
bluetooth,6CC65AEF,2026-08-18 23:04:59.000Z,-79,60.956190,-138.032399,57729,2,0,1570,32.35
radio434mhz,6133334B,2026-08-18 23:04:59.000Z,-26,60.956190,-138.032399
radio434mhz,6133334B,2026-08-18 23:05:02.000Z,-26,60.956168,-138.032365
radio434mhz,6133334B,2026-08-18 23:05:04.000Z,-26,60.956151,-138.032324
bluetooth,6CC65AEF,2026-08-18 23:05:04.000Z,-79,60.956151,-138.032324,18742,2,0,1569,32.35
bluetooth,D2A3B933,2026-08-18 23:05:06.000Z,-51,60.956133,-138.032309,28741,2,0,1571,18.80
radio434mhz,6133334B,2026-08-18 23:05:06.000Z,-26,60.956133,-138.032309
radio434mhz,6133334B,2026-08-18 23:05:09.000Z,-26,60.956142,-138.032219
bluetooth,6CC65AEF,2026-08-18 23:05:09.000Z,-83,60.956142,-138.032219,30828,2,0,1570,32.12
radio434mhz,6133334B,2026-08-18 23:05:11.000Z,-26,60.956137,-138.032159
radio434mhz,6133334B,2026-08-18 23:05:13.000Z,-26,60.956135,-138.032095
bluetooth,D2A3B933,2026-08-18 23:05:16.000Z,-40,60.956144,-138.032040,61267,2,0,1571,19.08
radio434mhz,6133334B,2026-08-18 23:05:16.000Z,-26,60.956144,-138.032040
bluetooth,E8095336,2026-08-18 23:05:18.000Z,-75,60.956133,-138.032030,65307,2,0,1565,36.59
radio434mhz,6133334B,2026-08-18 23:05:18.000Z,-26,60.956133,-138.032030
radio434mhz,6133334B,2026-08-18 23:05:20.000Z,-26,60.956110,-138.032029
radio434mhz,6133334B,2026-08-18 23:05:23.000Z,-27,60.956105,-138.031997
radio434mhz,6133334B,2026-08-18 23:05:25.000Z,-26,60.956100,-138.031946
bluetooth,D2A3B933,2026-08-18 23:05:26.000Z,-50,60.956100,-138.031946,24215,2,0,1571,19.25
radio434mhz,2A2A2A2D,2026-08-18 23:05:27.000Z,-109,60.956108,-138.031920
radio434mhz,6133334B,2026-08-18 23:05:28.000Z,-26,60.956108,-138.031920
radio434mhz,6133334B,2026-08-18 23:05:30.000Z,-26,60.956110,-138.031885
radio434mhz,6133334B,2026-08-18 23:05:32.000Z,-26,60.956096,-138.031880
radio434mhz,2A2A2A2D,2026-08-18 23:05:34.000Z,-111,60.956096,-138.031880
radio434mhz,6133334B,2026-08-18 23:05:35.000Z,-26,60.956083,-138.031869
radio434mhz,6133334B,2026-08-18 23:05:37.000Z,-27,60.956083,-138.031864
bluetooth,E8095336,2026-08-18 23:05:38.000Z,-68,60.956083,-138.031864,32999,2,0,1565,36.77
radio434mhz,6133334B,2026-08-18 23:05:39.000Z,-26,60.956083,-138.031864
radio434mhz,2A2A2A2D,2026-08-18 23:05:40.000Z,-108,60.956096,-138.031906
radio434mhz,6133334B,2026-08-18 23:05:42.000Z,-26,60.956096,-138.031906
radio434mhz,2A2A2A2D,2026-08-18 23:05:44.000Z,-106,60.956110,-138.031865
radio434mhz,6133334B,2026-08-18 23:05:44.000Z,-27,60.956110,-138.031865
bluetooth,D2A3B933,2026-08-18 23:05:46.000Z,-45,60.956133,-138.031828,30427,2,0,1571,18.85
radio434mhz,6133334B,2026-08-18 23:05:46.000Z,-27,60.956133,-138.031828
radio434mhz,2A2A2A2D,2026-08-18 23:05:47.000Z,-108,60.956133,-138.031828
radio434mhz,6133334B,2026-08-18 23:05:49.000Z,-26,60.956159,-138.031809
radio434mhz,2A2A2A2D,2026-08-18 23:05:51.000Z,-105,60.956012,-138.031682
radio434mhz,6133334B,2026-08-18 23:05:51.000Z,-26,60.956012,-138.031682
radio434mhz,6133334B,2026-08-18 23:05:54.000Z,-27,60.955980,-138.031605
radio434mhz,2A2A2A2D,2026-08-18 23:05:54.000Z,-108,60.955980,-138.031605
bluetooth,D2A3B933,2026-08-18 23:05:56.000Z,-33,60.955971,-138.031556,20789,2,0,1571,18.98
radio434mhz,6133334B,2026-08-18 23:05:56.000Z,-26,60.955971,-138.031556
bluetooth,E8095336,2026-08-18 23:05:57.000Z,-80,60.955971,-138.031556,63728,2,0,1565,36.74
radio434mhz,2A2A2A2D,2026-08-18 23:05:58.000Z,-110,60.955969,-138.031460
radio434mhz,6133334B,2026-08-18 23:05:58.000Z,-26,60.955969,-138.031460
radio434mhz,6133334B,2026-08-18 23:06:01.000Z,-26,60.955954,-138.031404
radio434mhz,2A2A2A2D,2026-08-18 23:06:01.000Z,-102,60.955954,-138.031404
radio434mhz,6133334B,2026-08-18 23:06:03.000Z,-26,60.955961,-138.031354
radio434mhz,6133334B,2026-08-18 23:06:05.000Z,-26,60.955961,-138.031354
bluetooth,D2A3B933,2026-08-18 23:06:06.000Z,-48,60.955961,-138.031354,14257,2,0,1571,19.25
radio434mhz,6133334B,2026-08-18 23:06:08.000Z,-26,60.955953,-138.031293
radio434mhz,6133334B,2026-08-18 23:06:10.000Z,-26,60.955962,-138.031238
radio434mhz,2A2A2A2D,2026-08-18 23:06:12.000Z,-104,60.955951,-138.031179
radio434mhz,6133334B,2026-08-18 23:06:13.000Z,-27,60.955951,-138.031179
radio434mhz,6133334B,2026-08-18 23:06:15.000Z,-26,60.955947,-138.031168
bluetooth,D2A3B933,2026-08-18 23:06:16.000Z,-51,60.955947,-138.031168,18,2,0,1570,19.05
radio434mhz,6133334B,2026-08-18 23:06:17.000Z,-26,60.955947,-138.031141
radio434mhz,2A2A2A2D,2026-08-18 23:06:18.000Z,-102,60.955951,-138.031102
radio434mhz,6133334B,2026-08-18 23:06:20.000Z,-26,60.955951,-138.031102
radio434mhz,2A2A2A2D,2026-08-18 23:06:22.000Z,-104,60.955959,-138.031076
radio434mhz,6133334B,2026-08-18 23:06:22.000Z,-27,60.955959,-138.031076
radio434mhz,6133334B,2026-08-18 23:06:24.000Z,-26,60.955976,-138.031027
bluetooth,D2A3B933,2026-08-18 23:06:26.000Z,-46,60.955976,-138.031027,59182,2,0,1571,19.41
radio434mhz,6133334B,2026-08-18 23:06:27.000Z,-26,60.955984,-138.030972
radio434mhz,2A2A2A2D,2026-08-18 23:06:29.000Z,-97,60.955970,-138.030951
radio434mhz,6133334B,2026-08-18 23:06:29.000Z,-26,60.955970,-138.030951
radio434mhz,6133334B,2026-08-18 23:06:32.000Z,-27,60.955950,-138.030911
radio434mhz,6133334B,2026-08-18 23:06:34.000Z,-26,60.955925,-138.030849
radio434mhz,2A2A2A2D,2026-08-18 23:06:35.000Z,-101,60.955925,-138.030849
bluetooth,D2A3B933,2026-08-18 23:06:36.000Z,-44,60.955925,-138.030849,63826,2,0,1571,19.15
radio434mhz,6133334B,2026-08-18 23:06:36.000Z,-26,60.955906,-138.030814
radio434mhz,6133334B,2026-08-18 23:06:39.000Z,-26,60.955932,-138.030751
radio434mhz,2A2A2A2D,2026-08-18 23:06:39.000Z,-102,60.955932,-138.030751
radio434mhz,6133334B,2026-08-18 23:06:41.000Z,-26,60.955942,-138.030695
radio434mhz,2A2A2A2D,2026-08-18 23:06:42.000Z,-97,60.955942,-138.030695
radio434mhz,6133334B,2026-08-18 23:06:43.000Z,-26,60.955960,-138.030650
bluetooth,D2A3B933,2026-08-18 23:06:46.000Z,-47,60.955960,-138.030650,48413,2,0,1571,19.33
radio434mhz,2A2A2A2D,2026-08-18 23:06:46.000Z,-92,60.955960,-138.030650
radio434mhz,6133334B,2026-08-18 23:06:46.000Z,-26,60.955945,-138.030617
radio434mhz,6133334B,2026-08-18 23:06:48.000Z,-26,60.955951,-138.030570
radio434mhz,2A2A2A2D,2026-08-18 23:06:49.000Z,-96,60.955951,-138.030570
radio434mhz,6133334B,2026-08-18 23:06:51.000Z,-26,60.955951,-138.030570
radio434mhz,2A2A2A2D,2026-08-18 23:06:53.000Z,-106,60.955980,-138.030506
radio434mhz,6133334B,2026-08-18 23:06:53.000Z,-26,60.955980,-138.030506
radio434mhz,6133334B,2026-08-18 23:06:55.000Z,-26,60.956046,-138.030531
bluetooth,D2A3B933,2026-08-18 23:06:56.000Z,-36,60.956046,-138.030531,10103,2,0,1572,19.20
radio434mhz,6133334B,2026-08-18 23:06:58.000Z,-26,60.956072,-138.030538
radio434mhz,2A2A2A2D,2026-08-18 23:07:00.000Z,-99,60.956108,-138.030520
radio434mhz,6133334B,2026-08-18 23:07:00.000Z,-26,60.956108,-138.030520
radio434mhz,5552522A,2026-08-18 23:07:01.000Z,-107,60.956140,-138.030509
radio434mhz,6133334B,2026-08-18 23:07:02.000Z,-26,60.956140,-138.030509
radio434mhz,2A2A2A2D,2026-08-18 23:07:03.000Z,-105,60.956140,-138.030509
radio434mhz,6133334B,2026-08-18 23:07:05.000Z,-26,60.956159,-138.030476
bluetooth,D2A3B933,2026-08-18 23:07:06.000Z,-38,60.956159,-138.030476,40039,2,0,1571,19.71
radio434mhz,52782D1E,2026-08-18 23:07:06.000Z,-109,60.956159,-138.030476
radio434mhz,2A2A2A2D,2026-08-18 23:07:06.000Z,-107,60.956173,-138.030404
radio434mhz,6133334B,2026-08-18 23:07:07.000Z,-26,60.956173,-138.030404
radio434mhz,5552522A,2026-08-18 23:07:08.000Z,-107,60.956173,-138.030404
radio434mhz,6133334B,2026-08-18 23:07:10.000Z,-26,60.956150,-138.030297
radio434mhz,2A2A2A2D,2026-08-18 23:07:10.000Z,-103,60.956150,-138.030297
radio434mhz,6133334B,2026-08-18 23:07:12.000Z,-26,60.956156,-138.030235
radio434mhz,5552522A,2026-08-18 23:07:14.000Z,-110,60.956156,-138.030235
radio434mhz,6133334B,2026-08-18 23:07:14.000Z,-26,60.956131,-138.030189
bluetooth,D2A3B933,2026-08-18 23:07:16.000Z,-42,60.956131,-138.030189,15686,2,0,1572,19.68
radio434mhz,6133334B,2026-08-18 23:07:17.000Z,-26,60.956102,-138.030187
radio434mhz,2A2A2A2D,2026-08-18 23:07:17.000Z,-95,60.956102,-138.030187
radio434mhz,6133334B,2026-08-18 23:07:19.000Z,-26,60.956065,-138.030191
radio434mhz,2A2A2A2D,2026-08-18 23:07:20.000Z,-103,60.956065,-138.030191
radio434mhz,6133334B,2026-08-18 23:07:21.000Z,-26,60.956038,-138.030215
radio434mhz,2A2A2A2D,2026-08-18 23:07:24.000Z,-97,60.956038,-138.030215
radio434mhz,6133334B,2026-08-18 23:07:24.000Z,-26,60.956020,-138.030217
bluetooth,D2A3B933,2026-08-18 23:07:26.000Z,-40,60.956020,-138.030217,2582,2,0,1571,19.73
radio434mhz,6133334B,2026-08-18 23:07:26.000Z,-26,60.956020,-138.030217
radio434mhz,2A2A2A2D,2026-08-18 23:07:27.000Z,-95,60.955998,-138.030232
radio434mhz,6133334B,2026-08-18 23:07:29.000Z,-26,60.955998,-138.030232
radio434mhz,2A2A2A2D,2026-08-18 23:07:30.000Z,-91,60.955963,-138.030225
radio434mhz,6133334B,2026-08-18 23:07:31.000Z,-26,60.955963,-138.030225
radio434mhz,6133334B,2026-08-18 23:07:33.000Z,-26,60.955941,-138.030187
radio434mhz,2A2A2A2D,2026-08-18 23:07:34.000Z,-89,60.955907,-138.030150
radio434mhz,5552522A,2026-08-18 23:07:35.000Z,-108,60.955907,-138.030150
bluetooth,D2A3B933,2026-08-18 23:07:36.000Z,-45,60.955907,-138.030150,25753,2,0,1571,19.91
radio434mhz,6133334B,2026-08-18 23:07:36.000Z,-26,60.955907,-138.030150
radio434mhz,2A2A2A2D,2026-08-18 23:07:37.000Z,-94,60.955879,-138.030141
radio434mhz,6133334B,2026-08-18 23:07:38.000Z,-26,60.955879,-138.030141
radio434mhz,6133334B,2026-08-18 23:07:40.000Z,-26,60.955857,-138.030123
radio434mhz,2A2A2A2D,2026-08-18 23:07:41.000Z,-93,60.955857,-138.030123
radio434mhz,6133334B,2026-08-18 23:07:43.000Z,-26,60.955848,-138.030071
radio434mhz,2A2A2A2D,2026-08-18 23:07:44.000Z,-97,60.955825,-138.030071
radio434mhz,6133334B,2026-08-18 23:07:45.000Z,-26,60.955825,-138.030071
bluetooth,D2A3B933,2026-08-18 23:07:46.000Z,-30,60.955825,-138.030071,34022,2,0,1570,20.06
radio434mhz,6133334B,2026-08-18 23:07:48.000Z,-26,60.955803,-138.030058
radio434mhz,2A2A2A2D,2026-08-18 23:07:48.000Z,-107,60.955803,-138.030058
radio434mhz,6133334B,2026-08-18 23:07:50.000Z,-26,60.955770,-138.030135
radio434mhz,2A2A2A2D,2026-08-18 23:07:51.000Z,-97,60.955770,-138.030135
radio434mhz,6133334B,2026-08-18 23:07:52.000Z,-26,60.955753,-138.030116
radio434mhz,2A2A2A2D,2026-08-18 23:07:55.000Z,-100,60.955753,-138.030116
radio434mhz,6133334B,2026-08-18 23:07:55.000Z,-26,60.955753,-138.030116
bluetooth,D2A3B933,2026-08-18 23:07:56.000Z,-20,60.955754,-138.030147,45336,2,0,1571,19.99
radio434mhz,6133334B,2026-08-18 23:07:57.000Z,-26,60.955754,-138.030147
radio434mhz,2A2A2A2D,2026-08-18 23:07:58.000Z,-97,60.955754,-138.030153
radio434mhz,6133334B,2026-08-18 23:07:59.000Z,-26,60.955754,-138.030153
radio434mhz,2A2A2A2D,2026-08-18 23:08:01.000Z,-96,60.955748,-138.030163
radio434mhz,6133334B,2026-08-18 23:08:02.000Z,-26,60.955748,-138.030163
radio434mhz,6133334B,2026-08-18 23:08:04.000Z,-26,60.955744,-138.030169
radio434mhz,2A2A2A2D,2026-08-18 23:08:05.000Z,-102,60.955744,-138.030169
bluetooth,D2A3B933,2026-08-18 23:08:06.000Z,-42,60.955722,-138.030162,5351,2,0,1572,19.71
radio434mhz,6133334B,2026-08-18 23:08:07.000Z,-26,60.955722,-138.030162
radio434mhz,2A2A2A2D,2026-08-18 23:08:08.000Z,-91,60.955722,-138.030162
radio434mhz,6133334B,2026-08-18 23:08:09.000Z,-26,60.955679,-138.030167
radio434mhz,6133334B,2026-08-18 23:08:11.000Z,-26,60.955641,-138.030167
radio434mhz,2A2A2A2D,2026-08-18 23:08:12.000Z,-97,60.955641,-138.030167
radio434mhz,6133334B,2026-08-18 23:08:14.000Z,-26,60.955641,-138.030167
radio434mhz,2A2A2A2D,2026-08-18 23:08:15.000Z,-105,60.955606,-138.030035
bluetooth,D2A3B933,2026-08-18 23:08:16.000Z,-50,60.955606,-138.030035,14350,2,0,1570,19.76
radio434mhz,6133334B,2026-08-18 23:08:16.000Z,-26,60.955606,-138.030035
radio434mhz,2A2A2A2D,2026-08-18 23:08:18.000Z,-108,60.955581,-138.030023
radio434mhz,6133334B,2026-08-18 23:08:18.000Z,-26,60.955581,-138.030023
radio434mhz,6133334B,2026-08-18 23:08:21.000Z,-26,60.955548,-138.029977
radio434mhz,2A2A2A2D,2026-08-18 23:08:22.000Z,-99,60.955548,-138.029977
radio434mhz,6133334B,2026-08-18 23:08:23.000Z,-26,60.955539,-138.029951
radio434mhz,2A2A2A2D,2026-08-18 23:08:25.000Z,-98,60.955512,-138.029984
radio434mhz,6133334B,2026-08-18 23:08:26.000Z,-26,60.955512,-138.029984
bluetooth,D2A3B933,2026-08-18 23:08:26.000Z,-44,60.955512,-138.029984,60511,2,0,1571,19.66
radio434mhz,6133334B,2026-08-18 23:08:28.000Z,-26,60.955492,-138.029974
radio434mhz,2A2A2A2D,2026-08-18 23:08:29.000Z,-95,60.955492,-138.029974
radio434mhz,6133334B,2026-08-18 23:08:30.000Z,-26,60.955500,-138.029934
radio434mhz,2A2A2A2D,2026-08-18 23:08:32.000Z,-98,60.955500,-138.029934
radio434mhz,6133334B,2026-08-18 23:08:33.000Z,-26,60.955490,-138.029894
radio434mhz,6133334B,2026-08-18 23:08:35.000Z,-26,60.955475,-138.029854
radio434mhz,2A2A2A2D,2026-08-18 23:08:36.000Z,-104,60.955475,-138.029854
bluetooth,D2A3B933,2026-08-18 23:08:36.000Z,-42,60.955475,-138.029854,32705,2,0,1572,19.66
radio434mhz,6133334B,2026-08-18 23:08:38.000Z,-26,60.955471,-138.029812
radio434mhz,2A2A2A2D,2026-08-18 23:08:39.000Z,-103,60.955471,-138.029812
radio434mhz,6133334B,2026-08-18 23:08:40.000Z,-27,60.955480,-138.029765
radio434mhz,6133334B,2026-08-18 23:08:42.000Z,-26,60.955480,-138.029765
radio434mhz,2A2A2A2D,2026-08-18 23:08:43.000Z,-92,60.955478,-138.029705
radio434mhz,6133334B,2026-08-18 23:08:45.000Z,-26,60.955478,-138.029705
bluetooth,D2A3B933,2026-08-18 23:08:46.000Z,-47,60.955452,-138.029678,62683,2,0,1571,19.63
radio434mhz,2A2A2A2D,2026-08-18 23:08:46.000Z,-99,60.955452,-138.029678
radio434mhz,6133334B,2026-08-18 23:08:47.000Z,-26,60.955452,-138.029678
radio434mhz,6133334B,2026-08-18 23:08:49.000Z,-26,60.955430,-138.029643
radio434mhz,2A2A2A2D,2026-08-18 23:08:49.000Z,-97,60.955389,-138.029619
radio434mhz,6133334B,2026-08-18 23:08:52.000Z,-26,60.955389,-138.029619
radio434mhz,2A2A2A2D,2026-08-18 23:08:53.000Z,-92,60.955375,-138.029566
radio434mhz,6133334B,2026-08-18 23:08:54.000Z,-26,60.955375,-138.029566
bluetooth,D2A3B933,2026-08-18 23:08:56.000Z,-50,60.955393,-138.029522,48431,2,0,1571,19.76
radio434mhz,2A2A2A2D,2026-08-18 23:08:56.000Z,-99,60.955393,-138.029522
radio434mhz,6133334B,2026-08-18 23:08:57.000Z,-26,60.955393,-138.029522
radio434mhz,6133334B,2026-08-18 23:08:59.000Z,-26,60.955406,-138.029469
radio434mhz,2A2A2A2D,2026-08-18 23:09:00.000Z,-102,60.955406,-138.029469
radio434mhz,6133334B,2026-08-18 23:09:01.000Z,-26,60.955399,-138.029429
radio434mhz,2A2A2A2D,2026-08-18 23:09:03.000Z,-93,60.955374,-138.029382
radio434mhz,6133334B,2026-08-18 23:09:04.000Z,-26,60.955374,-138.029382
bluetooth,D2A3B933,2026-08-18 23:09:06.000Z,-46,60.955347,-138.029373,19270,2,0,1570,19.38
radio434mhz,6133334B,2026-08-18 23:09:06.000Z,-26,60.955347,-138.029373
radio434mhz,2A2A2A2D,2026-08-18 23:09:07.000Z,-89,60.955347,-138.029373
radio434mhz,6133334B,2026-08-18 23:09:08.000Z,-26,60.955320,-138.029348
radio434mhz,2A2A2A2D,2026-08-18 23:09:10.000Z,-91,60.955307,-138.029275
radio434mhz,6133334B,2026-08-18 23:09:11.000Z,-26,60.955307,-138.029275
radio434mhz,6133334B,2026-08-18 23:09:13.000Z,-26,60.955280,-138.029261
radio434mhz,2A2A2A2D,2026-08-18 23:09:13.000Z,-93,60.955280,-138.029261
radio434mhz,6133334B,2026-08-18 23:09:16.000Z,-26,60.955267,-138.029191
bluetooth,D2A3B933,2026-08-18 23:09:16.000Z,-51,60.955267,-138.029191,52683,2,0,1570,19.30
radio434mhz,2A2A2A2D,2026-08-18 23:09:17.000Z,-100,60.955267,-138.029191
radio434mhz,6133334B,2026-08-18 23:09:18.000Z,-26,60.955274,-138.029120
radio434mhz,2A2A2A2D,2026-08-18 23:09:20.000Z,-101,60.955260,-138.029054
radio434mhz,6133334B,2026-08-18 23:09:20.000Z,-26,60.955260,-138.029054
radio434mhz,6133334B,2026-08-18 23:09:23.000Z,-26,60.955242,-138.029011
radio434mhz,2A2A2A2D,2026-08-18 23:09:24.000Z,-87,60.955242,-138.029011
radio434mhz,6133334B,2026-08-18 23:09:25.000Z,-26,60.955233,-138.028950
bluetooth,D2A3B933,2026-08-18 23:09:26.000Z,-44,60.955233,-138.028950,51803,2,0,1570,19.33
radio434mhz,52782D1E,2026-08-18 23:09:26.000Z,-109,60.955233,-138.028950
radio434mhz,2A2A2A2D,2026-08-18 23:09:27.000Z,-91,60.955212,-138.028916
radio434mhz,6133334B,2026-08-18 23:09:27.000Z,-26,60.955212,-138.028916
radio434mhz,6133334B,2026-08-18 23:09:30.000Z,-26,60.955189,-138.028929
radio434mhz,2A2A2A2D,2026-08-18 23:09:30.000Z,-93,60.955189,-138.028929
radio434mhz,6133334B,2026-08-18 23:09:32.000Z,-26,60.955168,-138.028893
radio434mhz,2A2A2A2D,2026-08-18 23:09:34.000Z,-89,60.955168,-138.028893
radio434mhz,6133334B,2026-08-18 23:09:35.000Z,-26,60.955165,-138.028832
bluetooth,D2A3B933,2026-08-18 23:09:36.000Z,-51,60.955165,-138.028832,54882,2,0,1570,19.23
radio434mhz,6133334B,2026-08-18 23:09:37.000Z,-26,60.955152,-138.028774
radio434mhz,6133334B,2026-08-18 23:09:39.000Z,-26,60.955157,-138.028715
radio434mhz,2A2A2A2D,2026-08-18 23:09:41.000Z,-85,60.955157,-138.028715
radio434mhz,6133334B,2026-08-18 23:09:42.000Z,-27,60.955171,-138.028674
radio434mhz,6133334B,2026-08-18 23:09:44.000Z,-26,60.955171,-138.028674
radio434mhz,52782D1E,2026-08-18 23:09:45.000Z,-108,60.955146,-138.028630
bluetooth,D2A3B933,2026-08-18 23:09:46.000Z,-45,60.955146,-138.028630,21234,2,0,1570,19.23
radio434mhz,6133334B,2026-08-18 23:09:47.000Z,-26,60.955146,-138.028630
radio434mhz,2A2A2A2D,2026-08-18 23:09:48.000Z,-98,60.955123,-138.028591
radio434mhz,6133334B,2026-08-18 23:09:49.000Z,-26,60.955123,-138.028591
radio434mhz,2A2A2A2D,2026-08-18 23:09:51.000Z,-95,60.955118,-138.028630
radio434mhz,6133334B,2026-08-18 23:09:51.000Z,-26,60.955118,-138.028630
radio434mhz,6133334B,2026-08-18 23:09:54.000Z,-26,60.955138,-138.028666
radio434mhz,2A2A2A2D,2026-08-18 23:09:55.000Z,-96,60.955157,-138.028716
bluetooth,D2A3B933,2026-08-18 23:09:56.000Z,-52,60.955157,-138.028716,34294,2,0,1572,19.28
radio434mhz,6133334B,2026-08-18 23:09:56.000Z,-26,60.955157,-138.028716
radio434mhz,2A2A2A2D,2026-08-18 23:09:58.000Z,-99,60.955181,-138.028747
radio434mhz,6133334B,2026-08-18 23:09:58.000Z,-26,60.955181,-138.028747
radio434mhz,6133334B,2026-08-18 23:10:01.000Z,-26,60.955211,-138.028754
radio434mhz,2A2A2A2D,2026-08-18 23:10:02.000Z,-89,60.955238,-138.028744
radio434mhz,6133334B,2026-08-18 23:10:03.000Z,-26,60.955238,-138.028744
bluetooth,5DCC8AD2,2026-08-18 23:10:04.000Z,-85,60.955266,-138.028668,22877,2,0,1565,33.99
radio434mhz,2A2A2A2D,2026-08-18 23:10:05.000Z,-97,60.955266,-138.028668
radio434mhz,6133334B,2026-08-18 23:10:06.000Z,-26,60.955266,-138.028668
bluetooth,D2A3B933,2026-08-18 23:10:06.000Z,-43,60.955291,-138.028633,731,2,0,1571,19.46
radio434mhz,6133334B,2026-08-18 23:10:08.000Z,-26,60.955291,-138.028633
radio434mhz,2A2A2A2D,2026-08-18 23:10:08.000Z,-86,60.955316,-138.028604
radio434mhz,6133334B,2026-08-18 23:10:10.000Z,-26,60.955316,-138.028604
radio434mhz,2A2A2A2D,2026-08-18 23:10:12.000Z,-87,60.955339,-138.028605
radio434mhz,6133334B,2026-08-18 23:10:13.000Z,-26,60.955339,-138.028605
radio434mhz,6133334B,2026-08-18 23:10:15.000Z,-27,60.955371,-138.028619
bluetooth,D2A3B933,2026-08-18 23:10:16.000Z,-49,60.955399,-138.028618,22621,2,0,1571,19.58
radio434mhz,6133334B,2026-08-18 23:10:18.000Z,-26,60.955399,-138.028618
radio434mhz,2A2A2A2D,2026-08-18 23:10:19.000Z,-89,60.955428,-138.028626
radio434mhz,6133334B,2026-08-18 23:10:20.000Z,-26,60.955428,-138.028626
radio434mhz,2A2A2A2D,2026-08-18 23:10:22.000Z,-89,60.955467,-138.028656
radio434mhz,6133334B,2026-08-18 23:10:22.000Z,-26,60.955467,-138.028656
radio434mhz,6133334B,2026-08-18 23:10:25.000Z,-26,60.955494,-138.028690
radio434mhz,2A2A2A2D,2026-08-18 23:10:25.000Z,-87,60.955494,-138.028690
bluetooth,D2A3B933,2026-08-18 23:10:26.000Z,-43,60.955522,-138.028723,11761,2,0,1571,19.66
radio434mhz,6133334B,2026-08-18 23:10:27.000Z,-26,60.955522,-138.028723
radio434mhz,2A2A2A2D,2026-08-18 23:10:29.000Z,-87,60.955556,-138.028766
radio434mhz,6133334B,2026-08-18 23:10:29.000Z,-26,60.955556,-138.028766
radio434mhz,6133334B,2026-08-18 23:10:32.000Z,-26,60.955583,-138.028808
radio434mhz,2A2A2A2D,2026-08-18 23:10:33.000Z,-101,60.955583,-138.028808
radio434mhz,6133334B,2026-08-18 23:10:34.000Z,-26,60.955605,-138.028854
bluetooth,D2A3B933,2026-08-18 23:10:36.000Z,-53,60.955621,-138.028898,53087,2,0,1570,19.58
radio434mhz,2A2A2A2D,2026-08-18 23:10:36.000Z,-93,60.955621,-138.028898
radio434mhz,6133334B,2026-08-18 23:10:37.000Z,-26,60.955621,-138.028898
radio434mhz,6133334B,2026-08-18 23:10:39.000Z,-26,60.955640,-138.028941
radio434mhz,2A2A2A2D,2026-08-18 23:10:39.000Z,-83,60.955640,-138.028941
radio434mhz,6133334B,2026-08-18 23:10:41.000Z,-26,60.955642,-138.029007
radio434mhz,2A2A2A2D,2026-08-18 23:10:43.000Z,-101,60.955641,-138.029053
radio434mhz,6133334B,2026-08-18 23:10:44.000Z,-26,60.955641,-138.029053
bluetooth,D2A3B933,2026-08-18 23:10:46.000Z,-57,60.955664,-138.029103,51735,2,0,1571,19.10
radio434mhz,6133334B,2026-08-18 23:10:46.000Z,-26,60.955664,-138.029103
radio434mhz,2A2A2A2D,2026-08-18 23:10:46.000Z,-90,60.955664,-138.029103
radio434mhz,6133334B,2026-08-18 23:10:48.000Z,-26,60.955678,-138.029168
radio434mhz,2A2A2A2D,2026-08-18 23:10:50.000Z,-94,60.955678,-138.029168
radio434mhz,6133334B,2026-08-18 23:10:51.000Z,-26,60.955647,-138.029232
radio434mhz,2A2A2A2D,2026-08-18 23:10:53.000Z,-91,60.955639,-138.029284
radio434mhz,6133334B,2026-08-18 23:10:53.000Z,-26,60.955639,-138.029284
radio434mhz,6133334B,2026-08-18 23:10:56.000Z,-27,60.955596,-138.029313
bluetooth,D2A3B933,2026-08-18 23:10:56.000Z,-56,60.955596,-138.029313,38821,2,0,1571,19.18
radio434mhz,2A2A2A2D,2026-08-18 23:10:56.000Z,-87,60.955596,-138.029313
radio434mhz,6133334B,2026-08-18 23:10:58.000Z,-26,60.955586,-138.029366
radio434mhz,2A2A2A2D,2026-08-18 23:11:00.000Z,-99,60.955601,-138.029422
radio434mhz,6133334B,2026-08-18 23:11:00.000Z,-26,60.955601,-138.029422
radio434mhz,6133334B,2026-08-18 23:11:03.000Z,-26,60.955604,-138.029483
radio434mhz,2A2A2A2D,2026-08-18 23:11:03.000Z,-101,60.955604,-138.029483
radio434mhz,6133334B,2026-08-18 23:11:05.000Z,-26,60.955610,-138.029508
bluetooth,D2A3B933,2026-08-18 23:11:06.000Z,-49,60.955610,-138.029508,37968,2,0,1570,19.46
radio434mhz,2A2A2A2D,2026-08-18 23:11:07.000Z,-99,60.955610,-138.029508
radio434mhz,6133334B,2026-08-18 23:11:07.000Z,-26,60.955605,-138.029560
radio434mhz,6133334B,2026-08-18 23:11:10.000Z,-26,60.955628,-138.029607
radio434mhz,2A2A2A2D,2026-08-18 23:11:10.000Z,-103,60.955628,-138.029607
radio434mhz,6133334B,2026-08-18 23:11:12.000Z,-26,60.955622,-138.029655
radio434mhz,2A2A2A2D,2026-08-18 23:11:14.000Z,-98,60.955622,-138.029655
radio434mhz,6133334B,2026-08-18 23:11:15.000Z,-26,60.955633,-138.029720
bluetooth,D2A3B933,2026-08-18 23:11:16.000Z,-46,60.955633,-138.029720,4566,2,0,1571,19.28
radio434mhz,2A2A2A2D,2026-08-18 23:11:17.000Z,-103,60.955633,-138.029720
radio434mhz,6133334B,2026-08-18 23:11:17.000Z,-26,60.955633,-138.029720
radio434mhz,6133334B,2026-08-18 23:11:19.000Z,-26,60.955618,-138.029772
radio434mhz,2A2A2A2D,2026-08-18 23:11:20.000Z,-95,60.955616,-138.029806
radio434mhz,6133334B,2026-08-18 23:11:22.000Z,-27,60.955616,-138.029806
radio434mhz,2A2A2A2D,2026-08-18 23:11:24.000Z,-97,60.955627,-138.029850
radio434mhz,6133334B,2026-08-18 23:11:24.000Z,-26,60.955627,-138.029850
bluetooth,D2A3B933,2026-08-18 23:11:26.000Z,-45,60.955621,-138.029897,58051,2,0,1570,19.28
radio434mhz,6133334B,2026-08-18 23:11:27.000Z,-26,60.955621,-138.029897
radio434mhz,2A2A2A2D,2026-08-18 23:11:27.000Z,-96,60.955596,-138.029906
radio434mhz,6133334B,2026-08-18 23:11:29.000Z,-26,60.955596,-138.029906
radio434mhz,2A2A2A2D,2026-08-18 23:11:31.000Z,-106,60.955554,-138.029838
radio434mhz,6133334B,2026-08-18 23:11:31.000Z,-27,60.955554,-138.029838
radio434mhz,6133334B,2026-08-18 23:11:34.000Z,-26,60.955528,-138.029829
radio434mhz,2A2A2A2D,2026-08-18 23:11:34.000Z,-99,60.955528,-138.029829
bluetooth,D2A3B933,2026-08-18 23:11:36.000Z,-52,60.955508,-138.029797,48453,2,0,1571,19.48
radio434mhz,6133334B,2026-08-18 23:11:36.000Z,-26,60.955508,-138.029797
radio434mhz,2A2A2A2D,2026-08-18 23:11:38.000Z,-97,60.955491,-138.029780
radio434mhz,6133334B,2026-08-18 23:11:38.000Z,-26,60.955491,-138.029780
radio434mhz,6133334B,2026-08-18 23:11:41.000Z,-26,60.955461,-138.029751
radio434mhz,2A2A2A2D,2026-08-18 23:11:41.000Z,-97,60.955461,-138.029751
radio434mhz,6133334B,2026-08-18 23:11:43.000Z,-26,60.955431,-138.029746
radio434mhz,2A2A2A2D,2026-08-18 23:11:45.000Z,-98,60.955407,-138.029695
radio434mhz,6133334B,2026-08-18 23:11:46.000Z,-26,60.955407,-138.029695
bluetooth,D2A3B933,2026-08-18 23:11:46.000Z,-42,60.955407,-138.029695,53996,2,0,1570,19.43
radio434mhz,2A2A2A2D,2026-08-18 23:11:48.000Z,-99,60.955377,-138.029687
radio434mhz,6133334B,2026-08-18 23:11:48.000Z,-26,60.955377,-138.029687
radio434mhz,6133334B,2026-08-18 23:11:50.000Z,-26,60.955355,-138.029669
radio434mhz,2A2AAA2D,2026-08-18 23:11:51.000Z,-110,60.955355,-138.029669
radio434mhz,6133334B,2026-08-18 23:11:53.000Z,-26,60.955325,-138.029703
radio434mhz,2A2A2A2D,2026-08-18 23:11:55.000Z,-106,60.955302,-138.029730
radio434mhz,6133334B,2026-08-18 23:11:55.000Z,-26,60.955302,-138.029730
bluetooth,D2A3B933,2026-08-18 23:11:56.000Z,-44,60.955302,-138.029730,44801,2,0,1571,19.15
radio434mhz,6133334B,2026-08-18 23:11:58.000Z,-26,60.955275,-138.029718
radio434mhz,6133334B,2026-08-18 23:12:00.000Z,-26,60.955249,-138.029741
radio434mhz,2A2A2A2D,2026-08-18 23:12:02.000Z,-109,60.955249,-138.029741
radio434mhz,6133334B,2026-08-18 23:12:02.000Z,-26,60.955238,-138.029793
radio434mhz,6133334B,2026-08-18 23:12:05.000Z,-27,60.955229,-138.029824
radio434mhz,2A2A2A2D,2026-08-18 23:12:05.000Z,-107,60.955229,-138.029824
bluetooth,D2A3B933,2026-08-18 23:12:06.000Z,-44,60.955229,-138.029824,29054,2,0,1570,19.23
radio434mhz,6133334B,2026-08-18 23:12:07.000Z,-26,60.955202,-138.029813
radio434mhz,2A2A2A2D,2026-08-18 23:12:08.000Z,-107,60.955202,-138.029813
radio434mhz,6133334B,2026-08-18 23:12:09.000Z,-26,60.955202,-138.029813
radio434mhz,6133334B,2026-08-18 23:12:12.000Z,-26,60.955197,-138.029859
radio434mhz,2A2A2A2D,2026-08-18 23:12:12.000Z,-107,60.955197,-138.029859
radio434mhz,6133334B,2026-08-18 23:12:14.000Z,-26,60.955193,-138.029810
bluetooth,D2A3B933,2026-08-18 23:12:16.000Z,-51,60.955190,-138.029783,19277,2,0,1571,19.25
radio434mhz,6133334B,2026-08-18 23:12:17.000Z,-27,60.955190,-138.029783
radio434mhz,2A2A2A2D,2026-08-18 23:12:19.000Z,-102,60.955187,-138.029744
radio434mhz,6133334B,2026-08-18 23:12:19.000Z,-27,60.955187,-138.029744
radio434mhz,6133334B,2026-08-18 23:12:21.000Z,-26,60.955143,-138.029727
radio434mhz,6133334B,2026-08-18 23:12:24.000Z,-26,60.955123,-138.029694
bluetooth,D2A3B933,2026-08-18 23:12:26.000Z,-51,60.955082,-138.029688,10657,2,0,1570,19.13
radio434mhz,6133334B,2026-08-18 23:12:26.000Z,-26,60.955082,-138.029688
radio434mhz,6133334B,2026-08-18 23:12:28.000Z,-26,60.955059,-138.029674
radio434mhz,2A2A2A2D,2026-08-18 23:12:29.000Z,-104,60.955059,-138.029674
bluetooth,5DCC8AD2,2026-08-18 23:12:30.000Z,-79,60.955059,-138.029674,39073,2,0,1565,36.31
radio434mhz,6133334B,2026-08-18 23:12:31.000Z,-26,60.955024,-138.029661
radio434mhz,2A2A2A2D,2026-08-18 23:12:33.000Z,-104,60.955024,-138.029661
radio434mhz,6133334B,2026-08-18 23:12:33.000Z,-26,60.955004,-138.029679
radio434mhz,6133334B,2026-08-18 23:12:36.000Z,-26,60.954979,-138.029708
bluetooth,D2A3B933,2026-08-18 23:12:36.000Z,-50,60.954979,-138.029708,46179,2,0,1571,19.05
radio434mhz,2A2A2A2D,2026-08-18 23:12:36.000Z,-108,60.954979,-138.029708
radio434mhz,6133334B,2026-08-18 23:12:38.000Z,-26,60.954960,-138.029732
radio434mhz,2A2A2A2D,2026-08-18 23:12:39.000Z,-100,60.954960,-138.029732
radio434mhz,6133334B,2026-08-18 23:12:40.000Z,-27,60.954960,-138.029732
radio434mhz,6133334B,2026-08-18 23:12:43.000Z,-26,60.954940,-138.029721
radio434mhz,6133334B,2026-08-18 23:12:45.000Z,-26,60.954924,-138.029698
bluetooth,D2A3B933,2026-08-18 23:12:46.000Z,-54,60.954924,-138.029698,57526,2,0,1571,19.23
radio434mhz,2A2A2A2D,2026-08-18 23:12:46.000Z,-103,60.954894,-138.029699
radio434mhz,6133334B,2026-08-18 23:12:48.000Z,-26,60.954894,-138.029699
radio434mhz,6133334B,2026-08-18 23:12:50.000Z,-26,60.954878,-138.029714
radio434mhz,6133334B,2026-08-18 23:12:52.000Z,-26,60.954855,-138.029752
radio434mhz,6133334B,2026-08-18 23:12:55.000Z,-26,60.954849,-138.029788
bluetooth,D2A3B933,2026-08-18 23:12:56.000Z,-48,60.954835,-138.029828,10314,2,0,1570,19.15
radio434mhz,6133334B,2026-08-18 23:12:57.000Z,-27,60.954835,-138.029828
radio434mhz,6133334B,2026-08-18 23:12:59.000Z,-26,60.954840,-138.029893
radio434mhz,6133334B,2026-08-18 23:13:02.000Z,-26,60.954829,-138.029940
radio434mhz,6133334B,2026-08-18 23:13:04.000Z,-26,60.954828,-138.029988
radio434mhz,6133334B,2026-08-18 23:13:07.000Z,-26,60.954835,-138.030049
radio434mhz,6133334B,2026-08-18 23:13:09.000Z,-26,60.954842,-138.030108
radio434mhz,6133334B,2026-08-18 23:13:11.000Z,-26,60.954856,-138.030158
radio434mhz,2A2A2A2D,2026-08-18 23:13:14.000Z,-107,60.954869,-138.030208
radio434mhz,6133334B,2026-08-18 23:13:14.000Z,-26,60.954869,-138.030208
bluetooth,D2A3B933,2026-08-18 23:13:16.000Z,-36,60.954904,-138.030234,45951,2,0,1570,19.10
radio434mhz,6133334B,2026-08-18 23:13:16.000Z,-26,60.954904,-138.030234
radio434mhz,2A2A2A2D,2026-08-18 23:13:17.000Z,-109,60.954904,-138.030234
radio434mhz,6133334B,2026-08-18 23:13:18.000Z,-27,60.954911,-138.030282
radio434mhz,2A2A2A2D,2026-08-18 23:13:21.000Z,-108,60.954909,-138.030319
radio434mhz,6133334B,2026-08-18 23:13:21.000Z,-26,60.954909,-138.030319
radio434mhz,6133334B,2026-08-18 23:13:23.000Z,-26,60.954914,-138.030371
radio434mhz,6133334B,2026-08-18 23:13:26.000Z,-26,60.954918,-138.030423
bluetooth,D2A3B933,2026-08-18 23:13:26.000Z,-53,60.954918,-138.030423,61897,2,0,1571,19.20
radio434mhz,6133334B,2026-08-18 23:13:28.000Z,-26,60.954919,-138.030471
radio434mhz,6133334B,2026-08-18 23:13:30.000Z,-26,60.954918,-138.030535
radio434mhz,6133334B,2026-08-18 23:13:33.000Z,-27,60.954910,-138.030585
radio434mhz,6133334B,2026-08-18 23:13:35.000Z,-26,60.954891,-138.030576
bluetooth,D2A3B933,2026-08-18 23:13:36.000Z,-45,60.954891,-138.030576,58216,2,0,1571,19.48
radio434mhz,6133334B,2026-08-18 23:13:38.000Z,-27,60.954869,-138.030558
radio434mhz,6133334B,2026-08-18 23:13:40.000Z,-26,60.954840,-138.030559
radio434mhz,6133334B,2026-08-18 23:13:42.000Z,-26,60.954819,-138.030565
radio434mhz,6133334B,2026-08-18 23:13:45.000Z,-26,60.954794,-138.030566
bluetooth,D2A3B933,2026-08-18 23:13:46.000Z,-48,60.954794,-138.030566,52106,2,0,1571,19.35
radio434mhz,6133334B,2026-08-18 23:13:47.000Z,-26,60.954770,-138.030583
radio434mhz,6133334B,2026-08-18 23:13:49.000Z,-26,60.954759,-138.030653
radio434mhz,6133334B,2026-08-18 23:13:52.000Z,-26,60.954735,-138.030685
radio434mhz,6133334B,2026-08-18 23:13:54.000Z,-26,60.954717,-138.030631
bluetooth,D2A3B933,2026-08-18 23:13:56.000Z,-53,60.954717,-138.030631,16162,2,0,1570,19.41
radio434mhz,6133334B,2026-08-18 23:13:57.000Z,-26,60.954695,-138.030651
radio434mhz,6133334B,2026-08-18 23:13:59.000Z,-26,60.954676,-138.030628
radio434mhz,6133334B,2026-08-18 23:14:01.000Z,-26,60.954676,-138.030628
radio434mhz,6133334B,2026-08-18 23:14:04.000Z,-26,60.954642,-138.030622
bluetooth,D2A3B933,2026-08-18 23:14:06.000Z,-39,60.954635,-138.030539,29089,2,0,1571,19.25
radio434mhz,6133334B,2026-08-18 23:14:06.000Z,-26,60.954635,-138.030539
radio434mhz,6133334B,2026-08-18 23:14:08.000Z,-26,60.954626,-138.030478
radio434mhz,6133334B,2026-08-18 23:14:11.000Z,-26,60.954639,-138.030425
radio434mhz,6133334B,2026-08-18 23:14:13.000Z,-26,60.954629,-138.030370
radio434mhz,6133334B,2026-08-18 23:14:16.000Z,-26,60.954635,-138.030321
bluetooth,D2A3B933,2026-08-18 23:14:16.000Z,-51,60.954635,-138.030321,50079,2,0,1571,19.51
radio434mhz,6133334B,2026-08-18 23:14:18.000Z,-26,60.954667,-138.030300
radio434mhz,6133334B,2026-08-18 23:14:20.000Z,-26,60.954693,-138.030308
radio434mhz,2A2A2A2D,2026-08-18 23:14:22.000Z,-107,60.954729,-138.030319
radio434mhz,6133334B,2026-08-18 23:14:23.000Z,-26,60.954729,-138.030319
radio434mhz,6133334B,2026-08-18 23:14:25.000Z,-26,60.954743,-138.030289
bluetooth,D2A3B933,2026-08-18 23:14:26.000Z,-44,60.954743,-138.030289,424,2,0,1572,19.76
radio434mhz,6133334B,2026-08-18 23:14:28.000Z,-26,60.954779,-138.030274
radio434mhz,2A2A2A2D,2026-08-18 23:14:29.000Z,-107,60.954779,-138.030274
radio434mhz,6133334B,2026-08-18 23:14:30.000Z,-26,60.954799,-138.030303
radio434mhz,6133334B,2026-08-18 23:14:32.000Z,-26,60.954836,-138.030293
radio434mhz,6133334B,2026-08-18 23:14:35.000Z,-26,60.954836,-138.030293
bluetooth,D2A3B933,2026-08-18 23:14:36.000Z,-43,60.954822,-138.030196,61469,2,0,1572,19.83
radio434mhz,6133334B,2026-08-18 23:14:37.000Z,-26,60.954822,-138.030196
radio434mhz,6133334B,2026-08-18 23:14:39.000Z,-26,60.954810,-138.030129
radio434mhz,6133334B,2026-08-18 23:14:42.000Z,-26,60.954798,-138.030072
radio434mhz,6133334B,2026-08-18 23:14:44.000Z,-26,60.954822,-138.030034
bluetooth,D2A3B933,2026-08-18 23:14:46.000Z,-51,60.954835,-138.030063,39847,2,0,1571,19.94
radio434mhz,6133334B,2026-08-18 23:14:47.000Z,-26,60.954835,-138.030063
radio434mhz,6133334B,2026-08-18 23:14:49.000Z,-26,60.954870,-138.030048
radio434mhz,6133334B,2026-08-18 23:14:51.000Z,-26,60.954865,-138.029967
radio434mhz,6133334B,2026-08-18 23:14:54.000Z,-26,60.954863,-138.029907
radio434mhz,6133334B,2026-08-18 23:14:56.000Z,-26,60.954867,-138.029996
radio434mhz,6133334B,2026-08-18 23:14:58.000Z,-26,60.954893,-138.030025
radio434mhz,6133334B,2026-08-18 23:15:01.000Z,-26,60.954898,-138.030063
radio434mhz,6133334B,2026-08-18 23:15:03.000Z,-26,60.954914,-138.030064
radio434mhz,6133334B,2026-08-18 23:15:06.000Z,-26,60.954971,-138.030078
bluetooth,D2A3B933,2026-08-18 23:15:06.000Z,-46,60.954971,-138.030078,24845,2,0,1571,20.06
radio434mhz,6133334B,2026-08-18 23:15:08.000Z,-26,60.954998,-138.030111
radio434mhz,6133334B,2026-08-18 23:15:10.000Z,-26,60.955028,-138.030074
radio434mhz,6133334B,2026-08-18 23:15:13.000Z,-26,60.955039,-138.030122
radio434mhz,6133334B,2026-08-18 23:15:15.000Z,-26,60.955024,-138.030169
radio434mhz,6133334B,2026-08-18 23:15:18.000Z,-26,60.955039,-138.030236
radio434mhz,6133334B,2026-08-18 23:15:20.000Z,-26,60.955039,-138.030236
radio434mhz,6133334B,2026-08-18 23:15:22.000Z,-26,60.955075,-138.030278
radio434mhz,6133334B,2026-08-18 23:15:25.000Z,-26,60.955111,-138.030280
bluetooth,D2A3B933,2026-08-18 23:15:26.000Z,-55,60.955141,-138.030272,45665,2,0,1570,20.09
radio434mhz,6133334B,2026-08-18 23:15:27.000Z,-26,60.955141,-138.030272
radio434mhz,2A2A2A2D,2026-08-18 23:15:27.000Z,-108,60.955141,-138.030272
radio434mhz,6133334B,2026-08-18 23:15:29.000Z,-26,60.955165,-138.030240
radio434mhz,6133334B,2026-08-18 23:15:32.000Z,-26,60.955180,-138.030167
radio434mhz,6133334B,2026-08-18 23:15:34.000Z,-26,60.955200,-138.030131
bluetooth,D2A3B933,2026-08-18 23:15:36.000Z,-47,60.955234,-138.030124,443,2,0,1571,19.99
radio434mhz,6133334B,2026-08-18 23:15:37.000Z,-26,60.955234,-138.030124
radio434mhz,6133334B,2026-08-18 23:15:39.000Z,-26,60.955258,-138.030086
radio434mhz,2A2A2A2D,2026-08-18 23:15:41.000Z,-103,60.955273,-138.030099
radio434mhz,6133334B,2026-08-18 23:15:41.000Z,-26,60.955273,-138.030099
radio434mhz,6133334B,2026-08-18 23:15:44.000Z,-26,60.955286,-138.030043
radio434mhz,2A2A2A2D,2026-08-18 23:15:44.000Z,-104,60.955286,-138.030043
radio434mhz,6133334B,2026-08-18 23:15:46.000Z,-26,60.955256,-138.029935
bluetooth,D2A3B933,2026-08-18 23:15:46.000Z,-53,60.955256,-138.029935,32563,2,0,1571,19.81
radio434mhz,2A2A2A2D,2026-08-18 23:15:48.000Z,-103,60.955246,-138.029884
radio434mhz,6133334B,2026-08-18 23:15:48.000Z,-26,60.955246,-138.029884
radio434mhz,6133334B,2026-08-18 23:15:51.000Z,-26,60.955230,-138.029873
radio434mhz,2A2A2A2D,2026-08-18 23:15:51.000Z,-110,60.955230,-138.029873
radio434mhz,6133334B,2026-08-18 23:15:53.000Z,-26,60.955238,-138.029817
radio434mhz,6133334B,2026-08-18 23:15:56.000Z,-26,60.955209,-138.029801
bluetooth,D2A3B933,2026-08-18 23:15:56.000Z,-45,60.955209,-138.029801,43547,2,0,1571,19.94
radio434mhz,2A2A2A2D,2026-08-18 23:15:58.000Z,-102,60.955209,-138.029801
radio434mhz,6133334B,2026-08-18 23:15:58.000Z,-26,60.955209,-138.029801
radio434mhz,6133334B,2026-08-18 23:16:00.000Z,-27,60.955177,-138.029770
radio434mhz,6133334B,2026-08-18 23:16:03.000Z,-26,60.955147,-138.029756
radio434mhz,2A2A2A2D,2026-08-18 23:16:05.000Z,-111,60.955114,-138.029723
radio434mhz,6133334B,2026-08-18 23:16:05.000Z,-26,60.955114,-138.029723
bluetooth,D2A3B933,2026-08-18 23:16:06.000Z,-46,60.955089,-138.029713,21096,2,0,1572,19.66
radio434mhz,6133334B,2026-08-18 23:16:07.000Z,-26,60.955089,-138.029713
radio434mhz,2A2A2A2D,2026-08-18 23:16:08.000Z,-107,60.955089,-138.029713
radio434mhz,6133334B,2026-08-18 23:16:10.000Z,-26,60.955060,-138.029690
radio434mhz,2A2A2A2D,2026-08-18 23:16:12.000Z,-107,60.955039,-138.029671
radio434mhz,6133334B,2026-08-18 23:16:12.000Z,-26,60.955039,-138.029671
radio434mhz,6133334B,2026-08-18 23:16:15.000Z,-26,60.955033,-138.029597
bluetooth,D2A3B933,2026-08-18 23:16:16.000Z,-45,60.955055,-138.029550,42315,2,0,1571,19.68
bluetooth,5DCC8AD2,2026-08-18 23:16:16.000Z,-74,60.955055,-138.029550,6642,2,0,1565,37.91
radio434mhz,6133334B,2026-08-18 23:16:17.000Z,-26,60.955055,-138.029550
radio434mhz,6133334B,2026-08-18 23:16:19.000Z,-26,60.955079,-138.029511
radio434mhz,6133334B,2026-08-18 23:16:22.000Z,-26,60.955102,-138.029474
radio434mhz,2A2A2A2D,2026-08-18 23:16:22.000Z,-104,60.955102,-138.029474
radio434mhz,6133334B,2026-08-18 23:16:24.000Z,-26,60.955125,-138.029433
radio434mhz,2A2A2A2D,2026-08-18 23:16:25.000Z,-106,60.955125,-138.029433
radio434mhz,6133334B,2026-08-18 23:16:26.000Z,-26,60.955136,-138.029371
radio434mhz,2A2A2A2D,2026-08-18 23:16:29.000Z,-99,60.955136,-138.029371
radio434mhz,6133334B,2026-08-18 23:16:29.000Z,-26,60.955132,-138.029313
radio434mhz,6133334B,2026-08-18 23:16:31.000Z,-26,60.955132,-138.029313
radio434mhz,2A2A2A2D,2026-08-18 23:16:32.000Z,-99,60.955134,-138.029309
radio434mhz,6133334B,2026-08-18 23:16:34.000Z,-26,60.955134,-138.029309
radio434mhz,2A2A2A2D,2026-08-18 23:16:35.000Z,-108,60.955138,-138.029318
radio434mhz,6133334B,2026-08-18 23:16:36.000Z,-26,60.955138,-138.029318
bluetooth,D2A3B933,2026-08-18 23:16:36.000Z,-45,60.955138,-138.029318,11265,2,0,1570,19.61
bluetooth,5DCC8AD2,2026-08-18 23:16:37.000Z,-63,60.955137,-138.029325,65219,2,0,1565,37.70
radio434mhz,6133334B,2026-08-18 23:16:38.000Z,-26,60.955137,-138.029325
radio434mhz,2A2A2A2D,2026-08-18 23:16:39.000Z,-106,60.955137,-138.029325
radio434mhz,6133334B,2026-08-18 23:16:41.000Z,-26,60.955089,-138.029315
bluetooth,5DCC8AD2,2026-08-18 23:16:42.000Z,-82,60.955089,-138.029315,25779,2,0,1565,37.75
radio434mhz,2A2A2A2D,2026-08-18 23:16:42.000Z,-102,60.955055,-138.029328
radio434mhz,6133334B,2026-08-18 23:16:43.000Z,-26,60.955055,-138.029328
radio434mhz,6133334B,2026-08-18 23:16:45.000Z,-27,60.955025,-138.029311
radio434mhz,2A2A2A2D,2026-08-18 23:16:46.000Z,-101,60.955025,-138.029311
bluetooth,D2A3B933,2026-08-18 23:16:46.000Z,-44,60.955025,-138.029311,6159,2,0,1571,19.89
bluetooth,5DCC8AD2,2026-08-18 23:16:47.000Z,-82,60.955025,-138.029311,55660,2,0,1565,37.88
radio434mhz,6133334B,2026-08-18 23:16:48.000Z,-26,60.955025,-138.029311
radio434mhz,2A2A2A2D,2026-08-18 23:16:49.000Z,-98,60.955025,-138.029311
radio434mhz,6133334B,2026-08-18 23:16:50.000Z,-26,60.955025,-138.029311
radio434mhz,2A2A2A2D,2026-08-18 23:16:52.000Z,-101,60.955004,-138.029338
radio434mhz,6133334B,2026-08-18 23:16:53.000Z,-26,60.955004,-138.029338
